{
  "coverage": {
    "3": 0.845570315642918,
    "5": 0.9503259085037652,
    "7": 0.9825457926859213,
    "11": 0.9898066533634537,
    "13": 0.9940601518287207,
    "30": 0.9982314464463437
  },
  "carry_excess": {
    "2": {
      "gold": 9.91321157205815,
      "rand": 8.942276402277443,
      "excess": 0.9709351697807076,
      "entropy": 2.4631241818773373
    },
    "3": {
      "gold": 5.814272751871595,
      "rand": 4.827398336582071,
      "excess": 0.9868744152895239,
      "entropy": 1.8961041313991478
    },
    "4": {
      "gold": 4.957790694427446,
      "rand": 4.639476937157225,
      "excess": 0.3183137572702215,
      "entropy": 1.8174538191837937
    },
    "6": {
      "gold": 3.91430441284779,
      "rand": 2.9268347696932207,
      "excess": 0.9874696431545695,
      "entropy": 1.579787917439088
    },
    "8": {
      "gold": 2.695897638226549,
      "rand": 2.561988162466964,
      "excess": 0.13390947575958512,
      "entropy": 1.5084618171498925
    },
    "10": {
      "gold": 4.262165301943287,
      "rand": 4.160018714156584,
      "excess": 0.10214658778670316,
      "entropy": 1.334819811371014
    },
    "12": {
      "gold": 3.3413808940155745,
      "rand": 2.8945314565973703,
      "excess": 0.44684943741820415,
      "entropy": 1.303456091662737
    },
    "16": {
      "gold": 2.2796059681157104,
      "rand": 2.2221180687984967,
      "excess": 0.05748789931721365,
      "entropy": 1.278622701196652
    }
  },
  "base2_gold_mean": 10.091194632579422,
  "base2_rand_mean": 9.12539343288456
}