{
  "X": [
    6000000,
    10000000,
    20000000,
    50000000,
    100000000,
    200000000
  ],
  "beta2": [
    0.54829591200501,
    0.5563988107255349,
    0.5669847658211922,
    0.5800230806101094,
    0.589020955877902,
    0.5973507256258728
  ],
  "meanW": [
    2.4585581152630245,
    2.493422337205533,
    2.5408769347482694,
    2.6024753759909998,
    2.647725044048331,
    2.6909843646083638
  ],
  "c": 1.0975357657329892,
  "rms": 0.003732521646074583,
  "product": [
    1.1105407512375658,
    1.106085114147891,
    1.1002384209195533,
    1.0929795911967473,
    1.0881595077011228,
    1.0835229017616794
  ]
}