{
  "X": [
    2000000,
    20000000,
    100000000,
    500000000
  ],
  "kappa": [
    1.2540771968769109,
    1.221989723078891,
    1.1973767542221816,
    1.1767853702909157
  ],
  "c": [
    1.120040680774049,
    1.1002384209195533,
    1.0881595077011228,
    1.0779755520419787
  ]
}