{
  "tv_prime_semi": 0.019438239450234762,
  "tv_prime_uniform": 0.02760277904559054,
  "mean_qN_prime": 0.49999999999999917,
  "mean_qN_semi": 0.5127791469523723,
  "H": [
    125,
    250,
    500,
    1000,
    2000,
    4000
  ],
  "tv_stability": [
    0.002131422632684718,
    0.0016346246232292836,
    0.0009585477586467536,
    0.0007499931208016265,
    0.0003247702650411143,
    0.00027005615464190114
  ]
}