{
  "B": [
    0,
    3,
    5,
    7,
    11,
    13
  ],
  "success": [
    0.18156368726254749,
    0.27954409118176365,
    0.27954409118176365,
    0.32793441311737653,
    0.36052789442111577,
    0.38852229554089185
  ],
  "cost_mean": [
    5.506498700259948,
    3.4149170165966805,
    3.4149170165966805,
    2.9320135972805437,
    2.6806638672265546,
    2.4857028594281143
  ],
  "out": {
    "0": {
      "success": 0.18156368726254749,
      "cost_mean": 5.506498700259948,
      "cost_p90": 12.0
    },
    "3": {
      "success": 0.27954409118176365,
      "cost_mean": 3.4149170165966805,
      "cost_p90": 7.0
    },
    "5": {
      "success": 0.27954409118176365,
      "cost_mean": 3.4149170165966805,
      "cost_p90": 7.0
    },
    "7": {
      "success": 0.32793441311737653,
      "cost_mean": 2.9320135972805437,
      "cost_p90": 6.0
    },
    "11": {
      "success": 0.36052789442111577,
      "cost_mean": 2.6806638672265546,
      "cost_p90": 5.0
    },
    "13": {
      "success": 0.38852229554089185,
      "cost_mean": 2.4857028594281143,
      "cost_p90": 5.0
    }
  }
}