{
  "X": 2000000,
  "r2_theta_S": 0.9383482996541911,
  "r2_dtheta_jump": 0.984239945693633,
  "resid_std_frac": 0.24829760438999185,
  "acf": [
    -0.20562927378608126,
    -0.19025136338844928,
    0.33930129507493567,
    -0.20135464936420308,
    -0.13862349960810386,
    0.3245492527288484,
    -0.16466685898286748,
    -0.18721704184308607,
    0.32882438557272536,
    -0.1344050413367058,
    -0.19991522136594295,
    0.3419398886668808,
    -0.18451648331326678,
    -0.1860839835625606,
    0.42440419542370916,
    -0.20563278729951487,
    -0.18864375642066727,
    0.34273703540640293,
    -0.20302068577034538,
    -0.13190855201376472
  ]
}