{
  "X": 1000000,
  "U_typical": 6.721930163943803,
  "beta_star_mean": 2.107146971513131,
  "corr_bstar_logS": -0.915396822501558,
  "R1_mean": 6818.035181560854,
  "spectrum_N500000": {
    "0": 0,
    "1": 0,
    "2": 6104,
    "3": 27538,
    "4": 58204,
    "5": 77294,
    "6": 77608,
    "7": 67488,
    "8": 53168,
    "9": 39384,
    "10": 28126,
    "11": 20002,
    "12": 13630,
    "13": 8688,
    "14": 6060,
    "15": 5006,
    "16": 4282
  }
}