{
  "npts": 66188408,
  "a_mean": 1.3797349992711165,
  "a_median": 1.3045454545454547,
  "frac_a_lt_1.3": 0.4966488693911478,
  "frac_a_gt_1.7": 0.15642754241800166
}