{
  "X": 2000000,
  "trend": 0.8106840426704298,
  "singular": 0.1882065467744392,
  "irreducible": 0.0011094105551309975,
  "resid_ac1": -0.03937997410326479,
  "resid_std": 0.027205908054761363,
  "poisson_floor": 0.009093774544943384
}