{
  "X": 2000000,
  "L_G": 12092.375766287105,
  "L_C": 38248.205796761824,
  "spread_S0": 2.267399609265776,
  "phi_G": 0.9886272573200665,
  "phi_C": 0.9888035237146212,
  "resilience_premium": 0.00017626639455473186
}