{
  "minTV_mixto": {
    "TV": 0.003972296556494337,
    "n_semi": 145,
    "switches": 57,
    "nN": 201
  },
  "minTV_solo_primos": {
    "TV": 0.024592677117318607
  }
}