{
  "B": [
    2,
    3,
    5,
    7,
    11,
    13
  ],
  "r2": [
    0.0,
    0.8456091138790562,
    0.9503736760517807,
    0.9826000818530402,
    0.9898675078581074,
    0.9941398994000296
  ],
  "ceil": 0.9993138057074324
}