{
  "X": 2000000,
  "n_even": 999999,
  "goldbach_holds": true,
  "twin_prime_C2": 0.6601618158468696,
  "R1_singular_exponent": 1.0,
  "R2_singular_exponent_beta": 0.4966409228031491,
  "R2_singular_regression_R2coef": 0.9335771751614836,
  "theta_mean": 0.3108385061321537,
  "C_mean": 2.267020421201088,
  "cv_R1_naive": 0.3881508722208335,
  "cv_R1_singular": 0.01530938379594621,
  "cv_R2_tex": 0.1838999043866312,
  "cv_R2_refined_half": 0.018064059173347625,
  "median_R1_obs_over_pred": 1.1721447831936609,
  "median_R2_obs_over_pred": 1.1367818262210418,
  "fragile_F1": 1,
  "fragile_F2": 3,
  "fragile_F3": 5,
  "fragile_F5": 14,
  "fragile_F10": 49,
  "B_mean_weighted": 0.2505328702575176,
  "B_mass_below_0.1": 0.15584269250883995,
  "B_mass_above_0.4": 0.17725073931716487
}