{
  "X": 1000000,
  "corr_anomaly": 0.6445080004093588,
  "valleys_gold": [
    59406,
    16578,
    5901,
    2728,
    1439,
    849,
    523,
    346,
    225,
    152,
    111,
    73,
    50,
    35,
    23
  ],
  "valleys_chen": [
    50456,
    17755,
    7299,
    3257,
    1619,
    878,
    512,
    303,
    177,
    107,
    54,
    30,
    15,
    6,
    3
  ],
  "thr": [
    0.02,
    0.039999999999999994,
    0.06,
    0.07999999999999999,
    0.09999999999999999,
    0.11999999999999998,
    0.13999999999999999,
    0.15999999999999998,
    0.17999999999999997,
    0.19999999999999996,
    0.21999999999999995,
    0.23999999999999996,
    0.25999999999999995,
    0.27999999999999997,
    0.3
  ],
  "total_prom_gold": 3251.2748348777714,
  "total_prom_chen": 3118.8119809699183,
  "fragile200_gold": 0.29844751004970654,
  "fragile200_chen": 0.29113726102009657
}